{
  "Phaserush": 1,
  "El_Puma09": 1,
  "Portzir": 1,
  "DarkSoldiersNFT": 1,
  "SendUsLocation1": 1,
  "SummerShades": 1,
  "MonkeCrypto": 1,
  "WarDaddy__": 1,
  "AlansamaX": 1,
  "NikkiSixx7": 1,
  "kseniashikh": 1,
  "Klinggaard": 1,
  "RealBailiff": 1,
  "jrv_PIRETESAMA": 1,
  "DviineBean": 1,
  "PatSama": 1,
  "silverduck3000": 1,
  "Baia83": 1,
  "AddSee": 1,
  "MichielB": 1,
  "ZadoslavZadnich": 1,
  "elrupero": 1,
  "ToxicBirdie999": 1,
  "n8playzz": 1,
  "ExoSmasher": 1,
  "axantasama": 1,
  "ExoLilHook": 1,
  "cryptokakarot1": 1,
  "FirmCobra": 1,
  "MetaRobotTFA": 1,
  "_FinBlock": 1,
  "Castibel": 1,
  "ExosamaJona1": 1,
  "B3NNN3T": 1,
  "Alnitak34": 1,
  "JordiHidalgo": 1,
  "ChiPonchiYT": 1,
  "1gn0r4nd": 1,
  "illingworth22": 1,
  "ExoSamaMax1": 1,
  "LotusEaster": 1,
  "Mat86Moonsama": 1,
  "Cristiandra": 1,
  "NickOfTheBrown": 1,
  "karudanuri": 1,
  "AllBlueisReal": 1,
  "CryptoCleaver": 1,
  "w124eth": 1,
  "SiracMC": 1,
  "GoldenMOONSAMA": 1,
  "EXO_theCommander": 1,
  "yefersonrivera": 1,
  "Eltesticulon": 1,
  "Gromlinmania": 1,
  "McGee118": 1,
  "HyugaPrincesss": 1,
  "Dstck": 1,
  "jdsama2022": 1,
  "EXO_GreenSama": 1,
  "Cha0sama": 1,
  "zorpo9": 1,
  "Acsj9988": 1,
  "GPOLNFT": 1,
  "GUILLITOLMO": 1,
  "Farckx": 1,
  "Gromlliin": 1,
  "Eligna88": 1,
  "Qeruvin": 1,
  "2xJDubs": 1,
  "Cotton118443": 1,
  "Alarick84": 1,
  "Riverita05": 1,
  "Mr__Smite": 1,
  "Jr_Pirasama": 1,
  "OstroInvesting": 1,
  "CryptoBull": 1,
  "FCKFTMNY": 1,
  "Barbarossa696969": 1,
  "Bobzerrrrr": 1,
  "VegemiteSama": 1,
  "isildur23": 1,
  "PMKryptos": 1,
  "bobeler67": 1,
  "maugopa6": 1,
  "Niburek7": 1,
  "BarayMC": 1,
  "SweetsOfSAMA": 1,
  "dvslr": 1,
  "Rayzor536": 1,
  "DanhMap": 1,
  "elconejomalods": 1,
  "ToniRaskolnikov": 1,
  "PolkaBee": 1,
  "Dooky88": 1,
  "Luciosama": 1,
  "EXOkarass91": 1,
  "AutoBOT404": 1,
  "MoonSamaMax": 1,
  "Timakaka_": 1,
  "Jose_Hung": 1
}